link,metaforico,indice_noticia,paragrafos_resgatados
"https://opiniao.estadao.com.br/noticias/artigos-dos-leitores,forum-dos-leitores,70003709553",1,0,"['Nunca tivemos lideranças governamentais tão esquizofrenicamente inconsequentes como temos agora. Quando estamos tão dependentes nessa pandemia de insumos vindos da China, esse país é acusado sem provas científicas que produziu esse vírus, numa atitude irracional sem precedentes. Urge outras de nossas lideranças corrijam tais irracionais acusações, para que não venhamos a sofrer maiores consequências dessa forma trágica de governar uma Nação, como agora estamos vivenciando.']"
"https://opiniao.estadao.com.br/noticias/artigos-dos-leitores,forum-dos-leitores,70003681598",1,1,"['(13/4, A3) faz correta análise da deplorável conduta de Jair Bolsonaro, dono de linguagem “chula”, que seus seguidores “se esforçam para qualificar” como “autêntica”, já que ele fala o que “pensa”. Será que pensa? De fato, ninguém mais fica perplexo com suas “grosserias” e “obscenidades”. Como indicam as pesquisas, o justo “desprezo” leva à sua derrocada na preferência do eleitorado. Um presidente sem respeito à vida dos brasileiros, que zomba da pandemia, já com mais de 360 mil mortos, incapaz de reconhecer seus erros, autoritário, que se diverte afrontando a Nação, é constrangedor. Sem limites para suas excrescências, de fato nenhum outro “presidente digno no cargo” faria o que fez Bolsonaro ao pressionar o senador Jorge Kajuru para ampliar as investigações da CPI da covid, incluindo governadores e prefeitos, além de incentivá-lo a trabalhar pelo impeachment de ministros do STF. Esquizofrenia pura...']"
"https://opiniao.estadao.com.br/noticias/espaco-aberto,aprendiz-de-feiticeiro,70003668660",1,2,"['A esquizofrenia se faz presente no governo: de um lado, caudatário do Centrão, entrega a Secretaria de Governo para inexpressiva deputada gerenciar emendas e cargos; de outro, temeroso da ingerência do Centrão, reforça com amigos a linha repressiva: delegado ligado à bancada da bala no Ministério da Justiça, o disciplinado André Mendonça na AGU e Braga Netto na Defesa. Com tal time e a possível mobilização de polícias militares pelo governo federal, concretiza-se o risco de caminho antidemocrático.']"
"https://cultura.estadao.com.br/noticias/literatura,em-novo-livro-simon-schwartzman-articula-memorias-e-busca-novos-caminhos-para-o-brasil,70003644612",1,3,"['""Durante meus dois anos\xa0em Berkeley, não\xa0conheci um\xa0americano sequer que pertencesse ao Partido Republicano.\xa0Mas Ronald Reagan foi eleito governador da Califórnia em 1967,\xa0e é dele a assinatura que tenho em meu diploma de doutorado,\xa0como presidente do Conselho de Regentes da Universidade. Em\xa01968, acompanhei pela televisão, horrorizado, as notícias sobre os\xa0assassinatos de Martin Luther King e Robert Kennedy (...). No fim de 1968, estava tudo pronto para voltarmos ao Brasil,\xa0onde eu deveria me integrar ao Departamento de Ciência Política\xa0da UFMG e redigir minha tese. Foi quando o governo brasileiro\xa0decretou o AI-5, interrompendo o que parecia ser um processo\xa0de melhora do clima político no Brasil. A repressão recrudesceu\xa0e fiquei sem saber o que fazer. Apter sugeriu que eu permanecesse por mais tempo em Berkeley, mas Carmen e eu acabamos\xa0tomando uma decisão esquizofrênica: despachamos o contêiner\xa0com nossa mudança para Buenos Aires e tomamos o avião para\xa0o Brasil, a caminho de Belo Horizonte, com Michel, nosso filho\xa0recém-nascido, no colo.”']"
"https://cultura.estadao.com.br/noticias/geral,uma-vacina-contra-privilegios,70003586819",1,4,"['Contra elas, usamos as teias invisíveis da casa. O resultado é uma óbvia esquizofrenia (semente de corrupção, nepotismo e despotismo); e uma ambiguidade que cobra o seu alto preço contrariando os valores democráticos da vida pública.']"
"https://cultura.estadao.com.br/noticias/cinema,critica-o-halloween-do-hubie-de-adam-sandler-e-bom,70003468921",1,5,"[', mas você não o descartaria do universo dos irmãos Safdie. Sim, as oscilações de Adam Sandler pelos reinos do cinema parecem ter ficado ainda mais esquizofrênicas nos últimos anos, quando sua fábrica na Netflix lançou várias porcarias junto com algumas pérolas ocasionais, como']"
https://cultura.estadao.com.br/blogs/direto-da-fonte/nao-idealizo-nem-romantizo-maternidade-diz-maria-fernanda-candido/,1,6,"['Bom, acho que não dá pra responder essa pergunta sem entender que estamos nessa jornada há séculos, milênios. Desde os gregos, a mulher era cidadão de terceiro escalão.. Depois vem a era cristã que tem essa visão esquizofrênica da mulher que ou é santa ou é pecadora. No iluminismo tivemos a frase Liberdade, Fraternidade e Igualdade, mas não para mulheres. Toda questão do cuidado, em geral, com a casa, com o outro, com a aparência, com os filhos é atribuída muito mais à mulher. Ao meu ver isso é muito fruto do capitalismo. Procuro não estar refém dessas ideias, da comparação do ‘eu tenho e você não tem’, Embora eu esteja inserida dentro desse sistema.']"
"https://cultura.estadao.com.br/noticias/teatro-e-danca,maria-ribeiro-interpreta-o-monologo-pos-f-inspirado-em-livro-de-fernanda-young,70003434184",1,7,"['Para Maria, o espetáculo “é uma coisa, assim, esquizofrênica, bem (Charlie) Kaufman”, referindo-se ao diretor americano que recebeu o Oscar de roteiro pelo cultuado']"
"https://cultura.estadao.com.br/noticias/cinema,cargo-anunciado-para-regina-duarte-nao-existe-na-cinemateca-brasileira,70003309476",1,8,"['""O contrato do Governo Federal com a Organização Social que a administra – Associação de Comunicação Educativa Roquete Pinto (ACERP) - foi encerrado por iniciativa do MEC. A atual Secretaria Especial da Cultura, responsável pela Cinemateca, tem seus vínculos administrativos divididos entre os ministérios da Cidadania e do Turismo. Essa situação esquizofrênica dificulta a atuação do governo com a urgência necessária para impedir a falência da Cinemateca, enquanto a administração pública se dedica a desenhar uma solução de longo prazo. Se o orçamento da Cinemateca não for imediatamente repassado a ACERP, assegurando a manutenção do quadro mínimo de contratados e as condições físicas de conservação, não haverá necessidade de uma perspectiva de fôlego, pois já teremos alcançado a solução final"", prossegue o documento.', 'Essa situação esquizofrênica dificulta a atuação do governo com a urgência necessária para impedir a falência da Cinemateca, enquanto a administração pública se dedica a desenhar uma solução de longo prazo. Se o orçamento da Cinemateca não for imediatamente repassado a ACERP, assegurando a manutenção do quadro mínimo de contratados e as condições físicas de conservação, não haverá necessidade de uma perspectiva de fôlego, pois já teremos alcançado a solução final.']"
"https://cultura.estadao.com.br/noticias/moda,a-carta-aberta-de-giorgio-armani,70003283162",1,9,"['Armani não está sozinho e sua voz tem ecoado alto. Segundo Carlos Ferreirinha, presidente da MF Consultoria e expert no mercado de luxo, o estilista falou importantes verdades sobre um calendário mundial esquizofrênico com estações invertidas, liquidações sem sentido, envolvido na cultura do excesso e em uma economia circular que não acontece. “Um homem, que chega aos seus 80 anos deixando um legado incrível e decide, por causa da crise gerada pela covid-19, realizar as mudanças necessárias, é algo surpreendente. Poucas marcas tomaram a decisão verdadeira e genuína de dar passos tão corajosos como ele diz que fará”, diz o consultor.']"
https://cultura.estadao.com.br/blogs/sem-intervalo/a-chinesa-classico-politico-do-revolucionario-godard-esta-na-tv/,1,11,"['Ao mostrar sua jovem esquerda isolada, criou cenas inteligentes e divertidas, mas também acentuou a esquizofrenia de uma pequena burguesia intelectual alienada na sua utopia. Radicalizando, no ano seguinte, foi para a rua e filmou o engarrafamento monstruoso de Week-End à Francesa, concentrando na situação-limite o que, para ele, era a derrocada do capitalismo consumista.']"
"https://cultura.estadao.com.br/noticias/teatro-e-danca,peca-simples-assim-mostra-como-rir-da-falta-de-afeto,70002998872",1,12,"['“Trazemos o espírito meio esquizofrênico desta época. A vida é difícil, mas a simplicidade salva. Corruptos existem, mas eles nada podem contra a morte. A tecnologia nos domina, mas o amor segue imperioso. Tudo se entrelaça”, comenta a escritora, no material de divulgação. “As cenas exploram detalhes dessas relações no cotidiano, procurando o que permanece de humano nos personagens em meio a tantas transformações.”']"
https://cultura.estadao.com.br/blogs/direto-da-fonte/secretaria-de-educacao-paulistana-estuda-bonus-para-professores-e-servidores/,1,14,"['Quem vê estes bonecos à venda na loja do Metropolitan Museum em NY se confunde. Descobre serem feitos à imagem e semelhança de Vicent van Gogh. A orelha ( o brilhante artista cortou a sua durante crise esquizofrênica) pode ser… destacada.', 'Quem vê estes bonecos à venda na loja do Metropolitan Museum em NY se confunde. Descobre serem feitos à imagem e semelhança de Vicent van Gogh. A orelha ( o brilhante artista cortou a sua durante crise esquizofrênica) pode ser… destacada.']"
"https://cultura.estadao.com.br/noticias/televisao,o-brasil-nao-se-considera-um-pais-latino-americano-diz-caco-ciocler,70002729805",1,15,"['“Essa é uma coisa meio esquizofrênica. Eu já tinha um pouco a cabeça de diretor atuando, o que era um problema. As marcas que eu não faria já eram um incômodo para mim. Isso tornou a questão mais problemática, no bom e no mal sentido.”']"
"https://cultura.estadao.com.br/noticias/literatura,cenario-amos-oz-um-lutador-incansavel-contra-o-fanatismo,70002660660",1,16,"[', por exemplo, chegou a chamá-lo de “o médico e o monstro”, por seu “caráter esquizofrênico”.']"
"https://cultura.estadao.com.br/noticias/televisao,debate-house-of-cards-sobreviveu-sem-kevin-spacey,70002620384",1,17,"['A dura missão dos roteiristas, a de colocar em pé e funcionando uma história que parecia bem terminada no final da 5.ª temporada, levou o time de escritores a optar por saídas surreais – até a possibilidade de um fantasma assombrando a Casa Branca é insinuada. Grande prejuízo. Desapareceram a sensualidade e a transgressão prontas para saltar no vídeo a cada sequência. Há líderes do governo americano que morrem, não morrem, e depois morrem de fato. A revelação apenas sugerida da ligação esquizofrênica entre Frank Underwood e Doug Stamper, o mais antigo agente de sua vontade, somado ao uso da ameaça nuclear como ferramenta de preservação do poder – é tudo uma baita bagunça. O desfecho encenado no Salão Oval por Doug e Claire é de dar vergonha em autor de novela coreana. Saudade do enredo cafajeste das cinco primeiras temporadas.']"
https://einvestidor.estadao.com.br/colunas/farialima-elevator/novas-possibilidades/,1,18,"['Adoro o mercado pois é um esquizofrênico profissional. A tese montada hoje pode ser completamente desmontada amanhã. Tudo isso com explicações racionais , fundamentadas e sem constrangimento.']"
"https://politica.estadao.com.br/noticias/geral,ordens-e-internet,70003720588",1,20,"['Na política externa essa “dualidade de mando” criou uma situação esquizofrênica para o principal parceiro comercial brasileiro, a China. Valem os ataques que Bolsonaro reitera nas redes ao regime chinês ou as súplicas dirigidas a Pequim por parte de ministros (como a da Agricultura) e governadores (como o de São Paulo) pela manutenção de laços para garantir exportações e suprimento de insumos para vacinas?']"
https://brasil.estadao.com.br/blogs/macaco-eletrico/a-esquizofrenia-do-posicionamento/,1,21,"['Vivemos, portanto, uma “esquizofrenia do posicionamento”: se correr, o bicho pega; se ficar, o bicho come!', 'Por isso, a melhor maneira de vencer a esquizofrenia do posicionamento é não embarcar nessa loucura.']"
https://politica.estadao.com.br/blogs/fausto-macedo/a-grande-chance-reforma-eleitoral/,1,22,"['Começando pela propaganda, a verdade é que o Brasil tem o sistema mais regulado de campanha eleitoral do mundo. É algo esquizofrênico. No início da onda de restrições à propaganda, lá em 2006, estava a ideia de controlar gastos. Depois nós evoluímos com o teto de gastos, inclusive item a item, o que dispensaria a super regulamentação da propaganda. Mas não dispensamos. Definir o tamanho de adesivo para bicicleta, para citar um exemplo exótico da Lei Eleitoral, é uma vergonha. Temos que higienizar e desidratar a disciplina da propaganda eleitoral, dando mais espaço para os candidatos. Há bons estudos mostrando déficit de informação do eleitor em razão da hiper-regulamentação. Na essência, basta o teto de gastos.']"
"https://opiniao.estadao.com.br/noticias/espaco-aberto,aprendiz-de-feiticeiro,70003668660",1,23,"['A esquizofrenia se faz presente no governo: de um lado, caudatário do Centrão, entrega a Secretaria de Governo para inexpressiva deputada gerenciar emendas e cargos; de outro, temeroso da ingerência do Centrão, reforça com amigos a linha repressiva: delegado ligado à bancada da bala no Ministério da Justiça, o disciplinado André Mendonça na AGU e Braga Netto na Defesa. Com tal time e a possível mobilização de polícias militares pelo governo federal, concretiza-se o risco de caminho antidemocrático.']"
https://politica.estadao.com.br/blogs/fausto-macedo/o-terceiro-setor-e-a-necessidade-de-marcas-com-proposito/,1,24,['Muitos departamentos de marketing lançavam uma infinidade de produtos de forma quase esquizofrênica e investiam verbas em influenciadores simplesmente sem qualquer histórico ou análise de conteúdo mais profundo.']
https://politica.estadao.com.br/blogs/fausto-macedo/o-ambiente-de-negocios-atual-e-pos-covid-19/,1,25,"['Verdade que existe uma certa esquizofrenia nessa visão mais ampla, já que muitas empresas sucumbiram à crise ou ficaram debilitadas a ponto de não conseguirem sequer identificar qualquer movimento mais virtuoso em termos de investimento ou crédito. Verdade também que existe um volume gigantesco de débitos, dívidas e contingências tributárias à espera de um novo Refis, dessa vez com muito mais razão de ser do que nos programas de parcelamento mais recentes.']"
"https://opiniao.estadao.com.br/noticias/artigos-dos-leitores,forum-dos-leitores,70003594972",1,26,"['(26/1, A5), que os 29 magistrados do Tribunal de Justiça de Mato Grosso do Sul (TJ/MS) receberam em média R$ 268,2 mil em dezembro passado. Que o Dr. Carlos Eduardo Contar, ao assumir a presidência do tribunal e também o seu caráter negacionista, pediu o “fim da esquizofrenia e palhaçada midiática fúnebre”, além de cometer plágios diversos como classificar de irresponsável, covarde e picareta “o fique em casa”; os crentes na ciência e entidades de saúde “(...) como rebanho indo para o matadouro”; a pandemia como “histeria coletiva, mentira global”; “louvor ao morticínio”, condenando a “inadmissível violação de direitos e garantias individuais”, além do “combate indiscriminado e leviano a medicamentos (...)”. A profusão de ideias dá a justa medida do tipo de justiça a que estão submetidos os sul mato-grossenses e, caso seja “terrivelmente evangélico”, o nobre magistrado é candidato imbatível à próxima vaga no STF, tornando infrutífero o esmero da atuação do dr. Augusto Aras na PGR. Adicionalmente, sua Excia. deveria registrar em cartório que dispensa qualquer auxílio público, incluído o SUS, para eventual tratamento contra a covid-19, dado o montante dos emolumentos já auferidos.']"
"https://saude.estadao.com.br/noticias/geral,so-0-9-dos-novos-medicos-de-sp-e-negro,1628563",1,28,"['Para Frei David, coordenador executivo da ONG Educafro, é necessário rever as políticas de cotas em cursos de alta demanda. “Nesses cursos, como Medicina, deve haver uma política de inclusão ainda maior, com mais vagas para cotistas. Isso é necessário para corrigir uma distorção. Se formos analisar a proporção de estudantes de cada cor nessas faculdades, é um Brasil esquizofrênico, que não reflete a realidade do seu povo.”']"
https://ciencia.estadao.com.br/blogs/herton-escobar/metas-de-protecao-da-biodiversidade-ameacam-fracassar-de-novo/,1,29,"['“O discurso do Brasil lá fora é todo correto, todo maravilhoso, mas o que a gente vê aqui dentro é outra realidade; é uma coisa meio esquizofrênica”, diz. “O Brasil tem um papel de liderança em assuntos ambientais globais e está arriscando perder isso com essas decisões inconsistentes nas políticas nacionais.”']"
"https://politica.estadao.com.br/noticias/geral,engodo-liberal,70003624722",1,30,"[', como o coronel Hugo Chávez na Venezuela, e alertou para a esquizofrenia da campanha bolsonarista: um candidato estatizante e corporativista escudando-se num “Posto Ipiranga” privatizante e reformista. Sua aposta: o “mitômano” Guedes não ia mandar nada. Afinal, “quem tem a caneta manda”.']"
https://politica.estadao.com.br/blogs/fausto-macedo/quem-tem-medo-do-lobo-guara/,1,31,"['Ciente de que o Brasil, assim como os brasileiros, tem realidades díspares, o BC, ao lançar a nota de R$200, não atuou de maneira esquizofrênica, como apontam determinados críticos: ele atua de modo a abarcar as necessidades distintas de uma população de mais de 200 milhões de pessoas, com maior ou menor acesso a telefone celular, a internet, e até mesmo a contas bancárias.']"
"https://politica.estadao.com.br/noticias/geral,emmeio-a-crise-no-psl-centrao-quer-endurecer-punicao-a-quem-mudar-de-legenda,70003050674",1,32,"['(PSL-SP), filho “zero três” do presidente, estimulou uma “conspiração” para implodir o PSL. “Eduardo é um dos cabeças desse projeto de poder esquizofrênico”, criticou ele. “Querem arrancar o Bivar da presidência do PSL e destituir a Executiva para deixar lá só os arianos, a raça pura”, emendou, em tom de ironia.']"
"https://politica.estadao.com.br/noticias/geral,bolsonaro-exalta-olavo-e-diz-esperar-que-rusgas-com-militares-sejam-pagina-virada,70002818816",1,33,"['(PDT), candidato derrotado à Presidência, e disse que Santos Cruz ""fofoca e difama pelas costas"". O ministro retrucou e, em entrevista, chamou Olavo de ""um desocupado esquizofrênico"".']"
"https://politica.estadao.com.br/noticias/geral,amor-e-odio-na-eleicao,70002506944",1,34,"['a entrevista mais política, contundente e eficaz da campanha tucana, dizendo que Bolsonaro é um “engodo liberal”, como Hugo Chávez foi na Venezuela, e lembrando a esquizofrenia da campanha do capitão: o candidato é “estatizante e corporativo”, já o seu “Posto Ipiranga”, o economista liberal Paulo Guedes, é “mitômano” e não vai mandar nada.']"
https://cultura.estadao.com.br/blogs/bootleg-alexandre-bazzan/roky-erickson-do-13th-floor-elevators-morre-aos-71-anos/,0,35,"['Roky foi diagnosticado com esquizofrenia ainda nos anos 1960 e passou por instituições psiquiátricas para tratamentos, muitas vezes não voluntários. Ele também teve problema com drogas e foi preso portando uma pequena quantidade de maconha e voltou a ser internado, em 1969, após declarar insanidade para evitar a cadeia.']"
"https://cultura.estadao.com.br/noticias/cinema,fenix-negra-fara-com-que-o-grupo-de-mutantes-se-enfrente-como-nunca-fez-antes,70002840469",0,36,"['que lhe mandava sobre a esquizofrenia e outros transtornos mentais para que construísse o personagem partindo de algo real"", contou o diretor.']"
https://cultura.estadao.com.br/blogs/divirta-se/luca-guadagnino-dirige-novo-suspiria-com-tilda-swinton-e-dakota-johnson-no-elenco/,0,37,"['Embora tenha caído no esquecimento, o sumiço de Patricia provoca dúvidas nas colegas e em seu psicoterapeuta, que decide investigar. Assim, as suspeitas e acusações da paciente, diagnosticada com esquizofrenia e paranoia, revelam-se cada vez mais reais: as professoras da escola formam um tenebroso e bem organizado grupo de bruxas.']"
"https://cultura.estadao.com.br/noticias/teatro-e-danca,obra-da-escritora-maura-lopes-cancado-ganha-solo-com-maria-padilha,70002755562",0,38,"[""'Diários do Abismo' relata rotina de internação da escritora diagnosticada com esquizofrenia que manteve coluna no Correio da Manhã e Jornal do Brasil"", '(1965), da mineira diagnosticada com esquizofrenia. A obra, redescoberta nos últimos anos, foi importante testemunha dos casos de maus tratos sofridos por pacientes em manicômios. Maura ainda deixou o livro de contos', 'Aos 15 anos teve o único filho, com um jovem de 18. Logo decidiu se separar e na maioridade internou-se voluntariamente em uma clínica em Belo Horizonte. “Maura já enfrentava vários estigmas na juventude. Mãe, separada e esquizofrênica eram coisas demais. O machismo só fazia as pessoas se afastarem.”']"
https://politica.estadao.com.br/blogs/estadao-verifica/sao-verdadeiros-exemplos-de-paises-com-protocolos-para-cloroquina-e-cannabis-em-tuite-de-deputado/,0,41,"['Após a pesquisa, o escritório médico do governo publicou uma revisão informando que o Comitê Consultivo sobre o Uso Indevido de Drogas (ACMD) havia considerado os usos terapêuticos da cannabis e canabinoides para o tratamento de “dor crônica; câncer; náuseas/vômitos induzidos por quimioterapia; anorexia e perda de peso; síndrome do intestino irritável; epilepsia; espasticidade relacionada à esclerose múltipla ou lesão da medula espinhal; Síndrome de Tourette; esclerose lateral amiotrófica (ELA); Doença de Huntington; Mal de Parkinson; distonia; demência; glaucoma; traumatismo craniano; vício; ansiedade; depressão; distúrbios do sono; transtorno de estresse pós-traumático; esquizofrenia e outras psicoses.']"
"https://saude.estadao.com.br/noticias/geral,boa-memoria-e-consequencia-de-bons-habitos,70003672514",0,43,"['Aos 38 anos, a psiquiatra e neurocientista Natália Bezerra Mota é uma das cientistas brasileiras bastante reconhecidas no País e no exterior. Foi indicada para o prestigiado Nature Research Award, concedido pela revista Nature, pelo desenvolvimento de um método que usa computadores para identificar sofrimento mental na fala dos pacientes – o que contribui, por exemplo, para o diagnóstico precoce de desordens como a esquizofrenia. Também tem usado a tecnologia para a análise de relatos de sonhos, em busca da melhor compreensão de como ocorre o processamento da memória durante o sono. Formada em Medicina, com residência em Psiquiatria e mestrado e doutorado em Neurociências pela Universidade Federal do Rio Grande do Norte (UFRN) – centro de referência nessa área –, Natália está fazendo pós-doutorado pelo Departamento de Física da Universidade Federal de Pernambuco (UFPE).']"
https://politica.estadao.com.br/blogs/fausto-macedo/a-confusao-entre-plantar-maconha-e-producao-de-medicamentos-a-base-de-canabidiol/,0,44,"['Há vários estudos relativos ao tratamento da psicose (esquizofrenia) com cannabis, inclusive no Brasil. Sabe-se que o THC produz sintomas psicóticos, alterações sensoriais, alucinações. Em pessoas suscetíveis, ele é considerado fator desencadeante para esquizofrenia, embora este mecanismo, que envolve fatores genéticos, ainda esteja sendo mais bem compreendido.', 'Já o canabidiol exerce uma função protetora, como contrapartida ao THC. Nesse sentido, há a possibilidade do canabidiol vir a se tornar base de medicação importante para a esquizofrenia, no sentido de melhorar não só os sintomas psicóticos, mas também outros comprometimentos (como isolamento social, entre outros) destas pessoas.']"
"https://cultura.estadao.com.br/noticias/artes,livro-mostra-como-a-formacao-religiosa-de-van-gogh-interferiu-em-sua-experiencia-artistica,70003617337",0,45,"['(1853-1890) e tantas foram as biografias do artista que parece restar pouco a revelar sobre ele. Seus conhecidos problemas psicológicos (bipolaridade, esquizofrenia), suas alucinações, sua carência afetiva, sua dificuldade em formar uma comunidade artística harmoniosa, tudo foi explorado em livros e filmes. No entanto, sempre resta algo de essencial para falar – e nesse ponto emerge um ensaio da fato fundamental para entender Van Gogh longe da abordagem tradicional,']"
"https://saude.estadao.com.br/noticias/geral,combinacao-de-tecnicas-de-baixo-custo-se-mostra-eficaz-no-diagnostico-de-alzheimer,70003604697",0,46,"[', doença neurodegenerativa e progressiva do sistema nervoso central. A análise de dados obtidos pela técnica de eletroencefalografia (EEG) – usada para o diagnóstico de enfermidades como epilepsia, esquizofrenia, distúrbios do sono e']"
https://brasil.estadao.com.br/blogs/inconsciente-coletivo/christian-dunker-milicias-da-alma-e-hipermedicalizacao-a-espreita/,0,47,"['“Tem uma pesquisa famosa que diz que se você é pobre, você tem 40% a mais de chance de ser diagnosticado como esquizofrênico do que se você é rico. Vão vir outros diagnósticos, outros destinos, outras carreiras psiquiátricas.']"
"https://cultura.estadao.com.br/noticias/literatura,documentario-flagra-o-desalento-do-escritor-antonio-callado-com-o-brasil,70003588131",0,48,"['A vida que conhecemos de Antonio Callado foi brilhante, mas não isenta de percalços. No plano pessoal, teve de conviver com o suicídio de uma de suas filhas, diagnosticada como esquizofrênica. Depois de carreira muito consistente, não apenas no jornalismo como na literatura, Callado foi perdendo espaço. Salvou-o uma coluna que manteve nos últimos tempos no jornal']"
"https://saude.estadao.com.br/noticias/geral,pesquisas-tem-associado-idade-do-homem-a-problemas-na-gestacao-e-no-bebe,70002912610",0,49,"['Artigo publicado em março por pesquisadoras da Universidade Rutgers, em Nova Jersey (EUA), reuniu informações deste e de outros 22 estudos. Além de problemas ao nascer, pesquisas compiladas haviam associado a paternidade tardia a condições como esquizofrenia e até autismo nas crianças.']"
"https://saude.estadao.com.br/noticias/geral,com-varios-vetos-bolsonaro-sanciona-lei-antidrogas,70002858546",0,50,"['""O Jeferson tinha esquizofrenia e não aderia às comunidades terapêuticas, que são abertas e ele fugia. Ele começou a usar maconha em 2007 e, já no começo, teve um quadro de surto.""']"
"https://saude.estadao.com.br/noticias/geral,inteligencia-do-psicopata-e-criacao-mistica-e-mentirosa-diz-especialista,70002804864",0,51,"['. Num sentido estritamente médico, como falamos de pneumonia, meningite, não é uma doença. O que chamamos de doenças mentais, como esquizofrenia e depressão, são distúrbios pontuais. No caso da psicopatia, é um distúrbio de personalidade, não algo pontual. Agora, se consideramos a doença como uma condição biológica que te deixa em desvantagem, aí podemos dizer que sim, é uma doença.', 'Este é um debate atual acirrado. Eu pessoalmente não acredito nisso. Todos os psicopatas sabem a diferença entre o certo e o errado por isso podem ser responsabilizados criminalmente. É diferente de um esquizofrênico, por exemplo, que está delirando e ouve uma voz que o manda matar um sujeito. Ele está em surto. O psicopata, não. Ele sabe, não é psicótico. E tem outra coisa, o fato de ter uma predisposição não justifica nada. Há um perigo no excesso de neurocientização da sociedade que é tentar explicar tudo pelo cérebro. Ora, o cérebro sozinho não faz nada.']"
"https://ciencia.estadao.com.br/noticias/geral,circuitos-cerebrais-das-emocoes-surgem-antes-de-o-bebe-completar-um-ano,70002542719",0,52,"['O trabalho foi feito com base nas imagens cerebrais de 223 recém-nascidos. Os cientistas olharam especificamente para o centro de processamento de emoções no cérebro, a região conhecida como amígdala, e suas conexões com outras áreas do cérebro relacionadas às emoções. Processamentos atípicos na amígdala estão ligados a desordens como depressão, ansiedade e esquizofrenia em adultos.']"
"https://saude.estadao.com.br/noticias/geral,a-cada-45-minutos-uma-pessoa-comete-suicidio-no-brasil,70002496904",0,53,"['A ABP quer levar isso à população. “A ABP quer popularizar. Nós estamos levando isso para as escolas, empresas e instituições”, afirmou o médico. “O que entristece os membros da ABP é ver que as pessoas querem abordar o assunto, mas negando a doença mental, que a depressão ou a esquizofrenia existam.”']"
"https://ciencia.estadao.com.br/noticias/geral,estados-unidos-aprovam-primeira-pilula-digital-rastreavel,70002084499",0,54,"['A liberação do primeiro remédio aplica-se ao aripiprazol, um antipsicótico usado no tratamento de distúrbios mentais, como transtornos de personalidade, depressão e esquizofrenia.']"
"https://ciencia.estadao.com.br/noticias/geral,piloto-de-espermatozoide,70001979079",0,55,"['Os cientistas estavam interessados nos receptores de glutamato. Esses receptores são importantes no funcionamento do sistema nervoso e estão envolvidos em processos como aprendizagem e memória, além de doenças como autismo e esquizofrenia. Como existem dezenas desses receptores no genoma de mamíferos, fica difícil estudar seu funcionamento. Foi por isso que os cientistas foram atrás desse musgo que só possui dois desses receptores. Os cientistas imaginaram que, se removessem esses dois genes, descobririam sua função. Tomaram um susto.']"
https://ciencia.estadao.com.br/blogs/herton-escobar/descriminalizacao-nao-aumentaria-consumo-de-drogas-diz-psiquiatra/,0,56,"['Depende de quem usa. Há dependentes graves de maconha, embora não tão frequentes como com drogas como o tabaco, crack ou álcool. Se alguém tem uma tendência a desenvolver esquizofrenia, a maconha poderá fazer mais mal. Por outro lado, há usuários de cigarro que não se viciam no tabaco, e que o consomem muito esporadicamente. Esses usuários não problemáticos, como os de outras drogas em geral, são infelizmente muito pouco estudados pela literatura científica. Voltando à pergunta original, talvez ainda seja muito cedo para afirmar com certeza, até porque estamos falando de amostras populacionais de tamanhos distintos. Porém, de uma forma geral, usuários regulares de tabaco parecem padecer de piores problemas de saúde do que os usuários regulares de maconha.']"
"https://saude.estadao.com.br/noticias/geral,internava-ou-ele-morria-conta-mae,70001900733",0,57,"['Com esquizofrenia e viciado em cocaína e maconha, homem passou por hospitais psiquiátricos a pedido da mãe; hoje está em casa', 'A aposentada Marília Sandra Martins, de 78 anos, abraça o filho José Oswaldo Martins, de 62, na sala da casa onde moram, na zona norte de São Paulo. Ele havia acabado de ajudar a organizar a residência e se preparava para ir às compras. Há sete meses, um clima de paz atípico se instaurou na família: com esquizofrenia e viciado em cocaína e maconha, Martins já passou por 36 internações em hospitais psiquiátricos a pedido da mãe – em dois dos episódios, após agredi-la fisicamente.', 'Ele foi diagnosticado com esquizofrenia e síndrome de dependência. Mas a mãe, umbandista, chegou a acreditou que pudesse se tratar de um espírito maligno. “Fiz de tudo, trabalhos (']"
"https://saude.estadao.com.br/noticias/geral,rua-e-temor-de-familias-e-autoridades,70001900751",0,58,"['No Hospital Thereza Perlatti, de Jaú, são comuns as internações prolongadas de moradores de rua com problemas psiquiátricos, como esquizofrenia ou dependência química. “Há um entendimento de que eles não devem ficar na rua, sem família. Normalmente é um morador de rua que causou algum incômodo, que fala sozinho ou já agrediu alguém”, diz a psicóloga Marília Belfiore. “É preciso articular serviços de saúde e residência terapêutica, com suporte da assistência social.”']"
"https://ciencia.estadao.com.br/noticias/geral,brasileiros-criam-metodo-para-diagnosticar-esquizofrenia-na-primeira-consulta,70001826266",0,60,"['Brasileiros criam método para diagnosticar esquizofrenia na primeira consulta - Ciência - Estadão', 'Um novo método para o diagnóstico de esquizofrenia, desenvolvido por cientistas brasileiros, poderá ser utilizado como exame complementar, permitindo que os médicos identifiquem a doença já na primeira consulta de pacientes adolescentes, com mais de 90% de precisão.', 'Empregando algoritmos para analisar a estrutura da fala dos jovens que apresentam sintomas iniciais de esquizofrenia, a técnica poderá antecipar o diagnóstico em pelo menos 6 meses, evitando o risco - em geral bastante comum - de submeter o paciente à medicação errada, segundo os pesquisadores.', 'Em pesquisas anteriores, utilizando modelos matemáticos para analisar a estrutura do discurso dos esquizofrênicos, os cientistas perceberam eles têm uma fala notavelmente empobrecida, quase aleatória. Os pacientes estudados, porém, já haviam sido diagnosticados e sofriam da doença há muito tempo, apresentando uma deterioração cognitiva bastante avançada e difícil de reverter.', '""O objetivo era resolver um problema clínico: fazer o diagnóstico da esquizofrenia em adolescentes psicóticos ainda em seu primeiro contato clínico, quando o diagnóstico entre esquizofrenia, bipolaridade e outras doenças é muito mais difícil, justamente porque eles ainda não tiveram a deterioração cognitiva decorrente de uma longa história de crises psicóticas"", disse.', '""Mostramos que é possível calcular um número único - que chamamos de índice de fragmentação - capaz de prever com grande acurácia o diagnóstico da esquizofrenia 6 meses antes, na primeira entrevista psiquiátrica do paciente. Isso significa que o psiquiatra pode usar esse índice para dar um diagnóstico inicial mais certeiro já no primeiro encontro com o paciente"", afirmou.', 'a ideia inicial do estudo com foco na fala do esquizofrênico partiu de conceitos da psicopatologia clássica. Mesmo que uma pessoa tenha alucinações e delírios, é preciso ter algum critério para distinguir a esquizofrenia, que leva ao longo dos anos a uma deficiência cognitiva, de outras doenças como o transtorno bipolar. E a maneira de se expressar tem sido um critério para isso desde o século 19.', '""Há muito tempo os sintomas da desordem do pensamento expressa na fala foram descritos como típicos da esquizofrenia. Não apenas o conteúdo do que a pessoa fala, mas a forma. O psiquiatra observa esses sintomas a partir do que chama de \'descarrilamento do pensamento e frouxidão das ideias\'"", disse Natália ao', 'Na primeira fase do estudo, os cientistas gravaram relatos simples feitos por pacientes crônicos de esquizofrenia - em surto psicótico e medicados - e por pessoas saudáveis. Os relatos foram então analisados com o uso da teoria dos grafos, um ramo da matemática que estuda as relações entre os elementos - neste caso, as palavras - de um determinado conjunto.', '""Mostramos ali que o nosso método era capaz de medir as características da conectividade das ideias na fala dos pacientes, diferenciando com bastante precisão os sintomas negativos dos esquizofrênicos. Assim, imaginamos que essa poderia ser uma ferramenta importante para uma primeira avaliação clínica"", explicou.', 'Seis meses depois do experimento, já com o diagnóstico das crianças definido, foi possível observar diferenças claras no discurso daquelas que apresentavam esquizofrenia - e testar se o método funcionava. As gravações também foram feitas com crianças sem sintomas, como controle.', '""O que observamos - especialmente no relato do sonho - é que, já na primeira entrevista, as crianças que seis meses depois foram diagnosticadas com esquizofrenia contavam a história de uma forma bem menos conectada e menos complexa"", disse Natália.', 'O algoritmo também mostrou que, em relação à conexão das ideias, quando os cientistas embaralhavam todas as palavras, fazendo a estrutura do discurso desaparecer, o resultado totalmente aleatório que se formava tinha pouca diferença em relação à fala da criança esquizofrênica.', '""Dos pacientes que receberam diagnóstico de esquizofrenia depois de seis meses, 64% tinham um discurso com conectividade indistinguível do aleatório. Entre os que receberam diagnóstico de transtorno bipolar, 30% tinham esse tipo de discurso"", disse Natália. Entre as crianças que não tinham sintomas, apenas 5% apresentavam fala aleatória.', '""Ao combinar todos os atributos, descobrimos que o método conseguia prever o diagnóstico de esquizofrenia com mais de 91,67% de precisão. Esse resultado foi obtido com pacientes adolescentes, em sua maioria"", afirmou Natália.', '""Daí em diante, tudo é automatizado e o médico chega ao índice de framentação em questão de segundos. Quanto maior o índice, maior a chance do paciente ter sintomas mais graves de esquizofrenia"", explicou a pesquisadora.', 'Engenheiro formado pela Escola Politécnica da Universidade de São Paulo (USP), José Alberto Orsi começou a enfrentar os primeiros sintomas de depressão crônica em setembro de 1994, aos 26 anos de idade. Ele ainda não sabia, mas aquele era o início de uma longa história de sofrimento com as crises psicóticas causadas pela esquizofrenia.', '""O primeiro surto de esquizofrenia é muito difícil de ser caracterizado. Mesmo tendo antecedentes na família, o diagnóstico ainda não era possível. Cheguei a ter atendimento psiquiátrico, mas aquela primeira crise, de fato , foi mais de depressão que esquizofrenia"", disse Orsi ao', 'A\xa0família sempre teve preocupação com sua saúde mental. O pai havia sido diagnosticado com esquizofrenia em uma época de medicação rudimentar e de tratamentos com choques elétricos. No entanto, nem todos os cuidados da mãe - Orsi fazia psicoterapia desde os 13 anos - o livraram dos problemas mentais.', 'Apesar do diagnóstico de depressão, o psiquiatra alertou que Orsi precisaria tomar uma medicação pelo resto da vida. “Provavelmente na época ele já suspeitava de esquizofrenia, mas não me revelou.”', 'Em maio de 1998, a aparente estabilidade desmoronou de uma só vez. Na reta final de seu MBA, submetido ao estresse e depois de ter problemas com uma professora, Orsi teve sua segunda crise. Mas dessa vez tratava-se mesmo de um surto esquizofrênico, com alucinações.', '“Fui internado em uma clínica no Mississipi e, duas semanas depois, minha irmã, que morava em Miami, me levou para a Flórida. Ali um médico finalmente fez o primeiro diagnóstico de esquizofrenia. Comecei o uso do antipsicótico que tomo até hoje. Ele me disse que teria que tomar o medicamento para sempre. Aquilo foi devastador para mim”, disse o engenheiro.', 'Arrasado pelo o diagnóstico, Orsi voltou ao Brasil para se tratar. O psiquiatra que o havia atendido em 1995 não concordou\xa0 com o diagnóstico de esquizofrenia feito pelo médico americano e, no fim de 1998, suspendeu o antipsicótico e receitou apenas lítio para as alterações do humor.', '“Em maio de 2001, tive meu quarto surto. Finalmente comecei a tomar de forma contínua a medicação básica que havia tomado após o primeiro diagnóstico de esquizofrenia nos Estados Unidos - e que tomo até hoje”, contou Orsi.', 'Em 2003, por meio de uma palestra na Biblioteca Mário de Andrade, em São Paulo, Orsi conheceu a Associação Brasileira de Familiares, Amigos e Portadores de Esquizofrenia (Abre).', '“As perspectivas são muito boas, pois a ONG tem um ótimo potencial de crescimento e me dá muito apoio. Temos uma parceria com a Unifesp e estamos caminhando para seguir os passos de um modelo anglo-australiano de instituição, que oferece uma retaguarda de oficinas e oportunidades de superação e engajamento social e profissional para pessoas que têm esquizofrenia e transtornos mentais de modo geral”.']"
"https://ciencia.estadao.com.br/noticias/geral,paciente-sofreu-para-identificar-a-doenca,70001826262",0,61,"['“A grande dificuldade é o diagnóstico inicial e a aceitação do paciente e da família"", disse Orsi, que teve seu primeiro surto aos 26 anos e hoje é um dos diretores da Associação Brasileira de Familiares, Amigos e Portadores de Esquizofrenia (Abre). Gabriela Biló', 'Engenheiro formado pela Escola Politécnica da Universidade de São Paulo (USP), José Alberto Orsi começou a enfrentar os primeiros sintomas de depressão crônica em setembro de 1994, aos 26 anos de idade. Ele ainda não sabia, mas aquele era o início de uma longa história de sofrimento com as crises psicóticas causadas pela esquizofrenia.', '""O primeiro surto de esquizofrenia é muito difícil de ser caracterizado. Mesmo tendo antecedentes na família, o diagnóstico ainda não era possível. Cheguei a ter atendimento psiquiátrico, mas aquela primeira crise, de fato , foi mais de depressão que esquizofrenia"", disse Orsi ao', 'A\xa0família sempre teve preocupação com sua saúde mental. O pai havia sido diagnosticado com esquizofrenia em uma época de medicação rudimentar e de tratamentos com choques elétricos. No entanto, nem todos os cuidados da mãe - Orsi fazia psicoterapia desde os 13 anos - o livraram dos problemas mentais.', 'Apesar do diagnóstico de depressão, o psiquiatra alertou que Orsi precisaria tomar uma medicação pelo resto da vida. “Provavelmente na época ele já suspeitava de esquizofrenia, mas não me revelou.”', 'Em maio de 1998, a aparente estabilidade desmoronou de uma só vez. Na reta final de seu MBA, submetido ao estresse e depois de ter problemas com uma professora, Orsi teve sua segunda crise. Mas dessa vez tratava-se mesmo de um surto esquizofrênico, com alucinações.', '“Fui internado em uma clínica no Mississipi e, duas semanas depois, minha irmã, que morava em Miami, me levou para a Flórida. Ali um médico finalmente fez o primeiro diagnóstico de esquizofrenia. Comecei o uso do antipsicótico que tomo até hoje. Ele me disse que teria que tomar o medicamento para sempre. Aquilo foi devastador para mim”, disse o engenheiro.', 'Arrasado pelo o diagnóstico, Orsi voltou ao Brasil para se tratar. O psiquiatra que o havia atendido em 1995 não concordou\xa0 com o diagnóstico de esquizofrenia feito pelo médico americano e, no fim de 1998, suspendeu o antipsicótico e receitou apenas lítio para as alterações do humor.', '“Em maio de 2001, tive meu quarto surto. Finalmente comecei a tomar de forma contínua a medicação básica que havia tomado após o primeiro diagnóstico de esquizofrenia nos Estados Unidos - e que tomo até hoje”, contou Orsi.', 'Em 2003, por meio de uma palestra na Biblioteca Mário de Andrade, em São Paulo, Orsi conheceu a Associação Brasileira de Familiares, Amigos e Portadores de Esquizofrenia (Abre).', '“As perspectivas são muito boas, pois a ONG tem um ótimo potencial de crescimento e me dá muito apoio. Temos uma parceria com a Unifesp e estamos caminhando para seguir os passos de um modelo anglo-australiano de instituição, que oferece uma retaguarda de oficinas e oportunidades de superação e engajamento social e profissional para pessoas que têm esquizofrenia e transtornos mentais de modo geral”.']"
"https://saude.estadao.com.br/noticias/geral,sp-encerra-convenios-e-troca-hospitais-psiquiatricos-por-casas-terapeuticas,10000093774",0,62,"['Outro privilégio é que ela pode dividir um quarto só com o namorado, o paciente Ademir Gonçalves, de 58 anos, que nasceu em Santo Amaro, na zona sul, tem passagem por manicômio judiciário e gosta de combinar a cor do boné com a da camisa. Os dois se conheceram em Salto de Pirapora. Diagnosticado com esquizofrenia, Gonçalves também perdeu os pais cedo, aos 12 anos, e foi morador de rua. “A gente nunca brigou”, conta Sol, sobre o relacionamento que já dura cinco anos.', 'Depressões maiores e surtos esquizofrênicos, por exemplo, condicionam, dentre outros, mortes (evitáveis) por suicídio. Requerem bons hospitais psiquiátricos ou enfermarias afins em hospitais gerais. Prevenção e tratamento em saúde pública exigem redes harmônicas, com referências e contrarreferências solidárias. Continuarmos o caminho, dando-nos as mãos: o imperativo ético que não pode mais esperar.']"
"https://saude.estadao.com.br/fotos/geral,fatores-de-risco,566365",0,63,"['Também são fatores de risco apneia do sono ou diagnóstico de distúrbio psiquiátrico, como esquizofrenia, depressão ou transtorno bipolar. Foto: Reuters', 'Também são fatores de risco apneia do sono ou diagnóstico de distúrbio psiquiátrico, como esquizofrenia, depressão ou transtorno bipolar. Foto: Reuters']"
"https://saude.estadao.com.br/noticias/geral,estudo-de-efeitos-do-zika-usara-minicerebros,10000015052",0,64,"['Os minicérebros foram desenvolvidos pela pesquisadora austríaca Madeline Lancaster em 2003. A equipe de Rehen obteve organoides “mais simples e mais baratos”. Ele nunca antes trabalhara com infecção viral. Até então, usava organoides para pesquisar transtornos como esquizofrenia.']"
"https://saude.estadao.com.br/noticias/geral,mae-de-paranaense-condenado-a-morte-pedira-ajuda-ao-papa,1622559",0,65,"['Clarisse já fez oito visitas ao filho nos últimos dez anos, desde que ele foi detido. Na última visita, em agosto do ano passado, ela percebeu que Gularte estava muito transtornado. Com o apoio da Embaixada brasileira na Indonésia, ela solicitou avaliação psiquiátrica às autoridades locais e os médicos constataram esquizofrenia.', 'Adriana Gularte, irmã mais velha, chegou a fazer um apelo à Anistia Internacional. “Ele está mentalmente doente, a Embaixada providenciou tratamento psicológico para ele, de onde resultou laudo médico que atesta esquizofrenia. O Itamaraty dispõe desses laudos e de mais informações. Venho por meio desta carta fazer um pedido de socorro, urgente, para que esta organização de Anistia Internacional interceda ao governo da Indonésia”, escreveu em carta.']"
"https://saude.estadao.com.br/noticias/geral,a-medicina-de-3000-ac-versus-a-medicina-do-terceiro-milenio,1605710",0,66,"['O canabidiol (CBD) é um dos 400 componentes da maconha, que apresenta vários efeitos opostos aos do THC, principal componente da droga. O CBD isoladamente não apresenta os efeitos típicos do uso da planta e seus efeitos anticonvulsivantes são conhecidos desde a década de 1970, nos trabalhos pioneiros do grupo liderado pelo professor Elisaldo Carlini, da Unifesp. Grupos brasileiros estão na vanguarda mundial nas pesquisas sobre o potencial terapêutico desta substância. Atualmente há estudos do CBD na doença de Parkinson, esquizofrenia, fobia social, entre outras condições. Procura-se o uso do CBD isolado, seguindo os mesmos princípios da evolução da farmacoterapia, ou seja, de forma que permita a dosagem mais precisa e reduzindo o risco de significativos efeitos colaterais.', 'A resolução do Conselho Federal de Medicina (CFM) é um importante avanço na regulação do uso dos canabinóides para fins medicinais. O Brasil se posicionou como um dos primeiros países no qual a medida foi adotada. Entretanto, existem vários desafios. Primeiramente, de que modo oferecer o CBD nos casos de pacientes adultos com epilepsia refratária e para portadores de outros diagnósticos nos quais se demonstrou evidências, mesmo que preliminares, como no caso de Parkinson, esquizofrenia, ansiedade, dores entre outras. Em segundo lugar, o custo da do CBD importado é restritivo para a maior parte da população, especialmente a de baixa renda. Terceiro: a maioria do CBD importado tem qualidade e composição desconhecida (às vezes com doses altíssimas de outros compostos), produzida por laboratórios com mínimo ou sem nenhum controle. Por fim, é hoje ainda mais necessário e oportuno orientar e informar a população que o CBD não é a maconha e não causa os mesmos efeitos.']"
https://saude.estadao.com.br/blogs/pilulas/ser-pai-aos-45-aumenta-risco-de-transtorno-mental-no-bebe/,0,67,"['Filhos de homens que se tornaram pais aos 45 anos ou mais apresentam um risco maior de desenvolver distúrbios psiquiátricos, como autismo, transtorno bipolar, esquizofrenia e transtorno de déficit de atenção com hiperatividade (TDAH), na comparação com homens que se tornaram pais mais jovens, entre os 20 e 24 anos.', 'Crianças de homens mais velhos também foram 13 vezes mais propensas a ter TDAH, apresentaram uma probabilidade 3,5 vezes maior para autismo e tiveram o dobro do risco de desenvolver um distúrbio psicótico, principalmente a esquizofrenia. Os cientistas conseguiram descobrir se as crianças analisadas tinham sido diagnosticadas com transtornos mentais, ou tratadas, por meio de consultas aos bancos de dados do sistema de saúde sueco.']"
"https://saude.estadao.com.br/noticias/geral,ha-mais-esquizofrenia-nas-grandes-cidades-imp-,1104823",0,68,"[""Cem anos após ser citada pela primeira vez, a esquizofrenia ainda desafia os maiores especialistas no assunto, como o psiquiatra escocês Robin Murray, professor da King's College de Londres."", 'No Brasil para participar de um simpósio do Instituto de Psiquiatria do Hospital das Clínicas, o médico diz que, apesar de alguns aspectos da doença ainda serem desconhecidos, já está comprovado que o uso de drogas e a vida em cidades grandes aumentam o risco de desenvolvimento da doença. Para ele, o avanço nos estudos genéticos pode ajudar a aprimorar o tratamento da esquizofrenia.', 'Não sabemos, mas é possível dizer que há mais esquizofrenia nas grandes cidades do que no interior. Primeiro, porque as cidades são maiores e geram mais estresse. Segundo, porque há mais abuso de drogas. Terceiro, porque há mais imigrantes e sabemos que, se você está fora do seu país, a desconfiança e a discriminação sofrida podem levar a atitudes paranoides, o que aumenta o risco de esquizofrenia. Na Grã-Bretanha, por exemplo, os imigrantes vindos do Caribe e da África têm seis vezes mais risco de desenvolver a esquizofrenia do que um nativo.', 'O uso de drogas é um dos principais fatores para o desenvolvimento da esquizofrenia?', 'Não sabemos. No Brasil, ninguém sabe qual é a prevalência no interior. Só há esse estudo de Ribeirão Preto. O que sabemos é que a esquizofrenia vem tornando-se cada vez mais comum desde os anos 1800, quando as grandes cidades foram se industrializando.', 'Identificar os diferentes tipos de esquizofrenia. O tipo causado por um determinado gene não é o mesmo desencadeado pelas drogas. No futuro, começaremos a dividir a esquizofrenia e, com isso, poderemos buscar novos tratamentos.']"
"https://saude.estadao.com.br/noticias/geral,forca-muscular-pode-estar-ligada-a-longevidade-aponta-estudo,963033",0,69,"['Os adolescentes que tinham uma força muscular acima da média no início da pesquisa tinham de 20% a 35% menos chances de morte precoce, inclusive para doenças cardiovasculares. Eles ainda tinham até 65% menos chances de sserem diagnosticados com doenas psiquiátricas, como depressão ou esquizofrenia.']"
